{
  "Click on the [Enter] button" : {
    "transaction" : "Click on the [Enter] button",
    "sampleCount" : 100,
    "errorCount" : 0,
    "errorPct" : 0.0,
    "meanResTime" : 179.31999999999994,
    "medianResTime" : 151.0,
    "minResTime" : 81.0,
    "maxResTime" : 630.0,
    "pct1ResTime" : 285.00000000000006,
    "pct2ResTime" : 366.4999999999999,
    "pct3ResTime" : 628.9099999999994,
    "throughput" : 0.4467995746468049,
    "receivedKBytesPerSec" : 3.2101458619098895,
    "sentKBytesPerSec" : 0.20114707413298544
  },
  "Click on the [Next] button" : {
    "transaction" : "Click on the [Next] button",
    "sampleCount" : 100,
    "errorCount" : 0,
    "errorPct" : 0.0,
    "meanResTime" : 95.86,
    "medianResTime" : 92.5,
    "minResTime" : 56.0,
    "maxResTime" : 223.0,
    "pct1ResTime" : 117.9,
    "pct2ResTime" : 142.95,
    "pct3ResTime" : 222.49999999999974,
    "throughput" : 0.4468055636228782,
    "receivedKBytesPerSec" : 7.069341046965967,
    "sentKBytesPerSec" : 0.12130072918667983
  },
  "Choose contact and click on the [Edit} button" : {
    "transaction" : "Choose contact and click on the [Edit} button",
    "sampleCount" : 100,
    "errorCount" : 0,
    "errorPct" : 0.0,
    "meanResTime" : 89.88000000000001,
    "medianResTime" : 88.0,
    "minResTime" : 54.0,
    "maxResTime" : 150.0,
    "pct1ResTime" : 114.0,
    "pct2ResTime" : 124.94999999999999,
    "pct3ResTime" : 149.91999999999996,
    "throughput" : 0.4470852278569864,
    "receivedKBytesPerSec" : 5.971286021097952,
    "sentKBytesPerSec" : 0.07640616687009044
  },
  "Click on the [Add group] button" : {
    "transaction" : "Click on the [Add group] button",
    "sampleCount" : 100,
    "errorCount" : 0,
    "errorPct" : 0.0,
    "meanResTime" : 67.39,
    "medianResTime" : 65.5,
    "minResTime" : 37.0,
    "maxResTime" : 168.0,
    "pct1ResTime" : 88.0,
    "pct2ResTime" : 106.84999999999997,
    "pct3ResTime" : 167.57999999999979,
    "throughput" : 0.44718319306687176,
    "receivedKBytesPerSec" : 3.101922901704662,
    "sentKBytesPerSec" : 0.14192825951829424
  },
  "Log Out" : {
    "transaction" : "Log Out",
    "sampleCount" : 100,
    "errorCount" : 0,
    "errorPct" : 0.0,
    "meanResTime" : 44.92999999999999,
    "medianResTime" : 41.0,
    "minResTime" : 27.0,
    "maxResTime" : 88.0,
    "pct1ResTime" : 65.9,
    "pct2ResTime" : 68.89999999999998,
    "pct3ResTime" : 87.93999999999997,
    "throughput" : 0.44753742531719215,
    "receivedKBytesPerSec" : 2.537065189420215,
    "sentKBytesPerSec" : 0.1153807424645886
  },
  "Go to the group page" : {
    "transaction" : "Go to the group page",
    "sampleCount" : 100,
    "errorCount" : 0,
    "errorPct" : 0.0,
    "meanResTime" : 67.76999999999997,
    "medianResTime" : 62.0,
    "minResTime" : 37.0,
    "maxResTime" : 240.0,
    "pct1ResTime" : 94.70000000000002,
    "pct2ResTime" : 122.64999999999992,
    "pct3ResTime" : 239.46999999999974,
    "throughput" : 0.4472311916922334,
    "receivedKBytesPerSec" : 3.212753398398018,
    "sentKBytesPerSec" : 0.07381061659764399
  },
  "Add a contact to the group" : {
    "transaction" : "Add a contact to the group",
    "sampleCount" : 100,
    "errorCount" : 0,
    "errorPct" : 0.0,
    "meanResTime" : 66.20999999999997,
    "medianResTime" : 63.5,
    "minResTime" : 37.0,
    "maxResTime" : 170.0,
    "pct1ResTime" : 85.0,
    "pct2ResTime" : 92.94999999999999,
    "pct3ResTime" : 169.89999999999995,
    "throughput" : 0.4471851928038959,
    "receivedKBytesPerSec" : 2.7713559926728704,
    "sentKBytesPerSec" : 0.16594763014207073
  },
  "Edit data and click on the [Update] button" : {
    "transaction" : "Edit data and click on the [Update] button",
    "sampleCount" : 100,
    "errorCount" : 0,
    "errorPct" : 0.0,
    "meanResTime" : 221.17000000000002,
    "medianResTime" : 198.0,
    "minResTime" : 74.0,
    "maxResTime" : 981.0,
    "pct1ResTime" : 313.80000000000007,
    "pct2ResTime" : 371.95,
    "pct3ResTime" : 976.959999999998,
    "throughput" : 0.4469873055605221,
    "receivedKBytesPerSec" : 3.136401668380118,
    "sentKBytesPerSec" : 0.20428716699445737
  },
  "Click on the [Groups] button" : {
    "transaction" : "Click on the [Groups] button",
    "sampleCount" : 100,
    "errorCount" : 0,
    "errorPct" : 0.0,
    "meanResTime" : 70.28999999999996,
    "medianResTime" : 62.0,
    "minResTime" : 37.0,
    "maxResTime" : 354.0,
    "pct1ResTime" : 98.70000000000002,
    "pct2ResTime" : 131.89999999999975,
    "pct3ResTime" : 352.2899999999991,
    "throughput" : 0.4471352047432103,
    "receivedKBytesPerSec" : 3.1899210624714955,
    "sentKBytesPerSec" : 0.07379477500156498
  },
  "Go to Home page" : {
    "transaction" : "Go to Home page",
    "sampleCount" : 500,
    "errorCount" : 0,
    "errorPct" : 0.0,
    "meanResTime" : 84.74000000000007,
    "medianResTime" : 80.0,
    "minResTime" : 44.0,
    "maxResTime" : 749.0,
    "pct1ResTime" : 112.0,
    "pct2ResTime" : 124.0,
    "pct3ResTime" : 160.99,
    "throughput" : 2.1122000675904022,
    "receivedKBytesPerSec" : 36.98336906471781,
    "sentKBytesPerSec" : 0.33003126056100035
  },
  "Total" : {
    "transaction" : "Total",
    "sampleCount" : 2000,
    "errorCount" : 0,
    "errorPct" : 0.0,
    "meanResTime" : 99.07399999999997,
    "medianResTime" : 82.0,
    "minResTime" : 27.0,
    "maxResTime" : 981.0,
    "pct1ResTime" : 160.0,
    "pct2ResTime" : 208.94999999999982,
    "pct3ResTime" : 365.9100000000001,
    "throughput" : 8.184042753439345,
    "receivedKBytesPerSec" : 87.52406140538429,
    "sentKBytesPerSec" : 2.1334976258603477
  },
  "Click on the [Enter information] button" : {
    "transaction" : "Click on the [Enter information] button",
    "sampleCount" : 100,
    "errorCount" : 0,
    "errorPct" : 0.0,
    "meanResTime" : 148.44000000000003,
    "medianResTime" : 124.5,
    "minResTime" : 64.0,
    "maxResTime" : 785.0,
    "pct1ResTime" : 205.9,
    "pct2ResTime" : 276.2499999999996,
    "pct3ResTime" : 783.4899999999992,
    "throughput" : 0.4470652402305068,
    "receivedKBytesPerSec" : 2.8993752542683553,
    "sentKBytesPerSec" : 0.140144474720696
  },
  "Log In" : {
    "transaction" : "Log In",
    "sampleCount" : 100,
    "errorCount" : 0,
    "errorPct" : 0.0,
    "meanResTime" : 90.86000000000003,
    "medianResTime" : 90.0,
    "minResTime" : 54.0,
    "maxResTime" : 162.0,
    "pct1ResTime" : 123.9,
    "pct2ResTime" : 135.69999999999993,
    "pct3ResTime" : 161.88999999999993,
    "throughput" : 0.44670975926811074,
    "receivedKBytesPerSec" : 7.689022268202305,
    "sentKBytesPerSec" : 0.27942044434219754
  },
  "Choose the groups and click on the [Delete groups] button" : {
    "transaction" : "Choose the groups and click on the [Delete groups] button",
    "sampleCount" : 100,
    "errorCount" : 0,
    "errorPct" : 0.0,
    "meanResTime" : 145.58,
    "medianResTime" : 122.5,
    "minResTime" : 63.0,
    "maxResTime" : 522.0,
    "pct1ResTime" : 252.2000000000001,
    "pct2ResTime" : 275.5499999999999,
    "pct3ResTime" : 521.3999999999996,
    "throughput" : 0.4474172837296705,
    "receivedKBytesPerSec" : 2.7793177166058927,
    "sentKBytesPerSec" : 0.16271745179078767
  },
  "Choose contact and click on the [Delete} button" : {
    "transaction" : "Choose contact and click on the [Delete} button",
    "sampleCount" : 100,
    "errorCount" : 0,
    "errorPct" : 0.0,
    "meanResTime" : 134.38999999999996,
    "medianResTime" : 117.0,
    "minResTime" : 63.0,
    "maxResTime" : 619.0,
    "pct1ResTime" : 188.0,
    "pct2ResTime" : 269.94999999999953,
    "pct3ResTime" : 617.009999999999,
    "throughput" : 0.4473652424048566,
    "receivedKBytesPerSec" : 2.7744989439384247,